,class,col_0,col_1,col_2,col_3,col_4,col_5
0,A,0.0,,2.0,3.0,4.0,5.0
1,B,6.0,7.0,8.0,9.0,10.0,11.0
2,C,12.0,13.0,,15.0,16.0,17.0
3,D,18.0,19.0,20.0,,22.0,23.0
4,P,77.0,75.0,57.0,42.548682029019616,,41.17806326114197
5,Q,27.0,89.0,96.0,59.58241471520316,50.15566525921544,50.94516233956429
6,R,24.0,29.0,77.0,41.46690969476708,,53.978344604461455
7,S,55.0,50.0,75.0,51.76606125869609,56.61461299739337,43.18965424948242
